{"assets/fonts/Genos-Black.ttf":["assets/fonts/Genos-Black.ttf"],"assets/fonts/Genos-BlackItalic.ttf":["assets/fonts/Genos-BlackItalic.ttf"],"assets/fonts/Genos-Bold.ttf":["assets/fonts/Genos-Bold.ttf"],"assets/fonts/Genos-BoldItalic.ttf":["assets/fonts/Genos-BoldItalic.ttf"],"assets/fonts/Genos-ExtraBold.ttf":["assets/fonts/Genos-ExtraBold.ttf"],"assets/fonts/Genos-ExtraBoldItalic.ttf":["assets/fonts/Genos-ExtraBoldItalic.ttf"],"assets/fonts/Genos-ExtraLight.ttf":["assets/fonts/Genos-ExtraLight.ttf"],"assets/fonts/Genos-ExtraLightItalic.ttf":["assets/fonts/Genos-ExtraLightItalic.ttf"],"assets/fonts/Genos-Italic.ttf":["assets/fonts/Genos-Italic.ttf"],"assets/fonts/Genos-Light.ttf":["assets/fonts/Genos-Light.ttf"],"assets/imagenes/1.png":["assets/imagenes/1.png"],"assets/imagenes/2.png":["assets/imagenes/2.png"],"assets/imagenes/3.png":["assets/imagenes/3.png"],"assets/imagenes/buscar.png":["assets/imagenes/buscar.png"],"assets/imagenes/calorias.png":["assets/imagenes/calorias.png"],"assets/imagenes/carbs.png":["assets/imagenes/carbs.png"],"assets/imagenes/grasa.png":["assets/imagenes/grasa.png"],"assets/imagenes/logo.png":["assets/imagenes/logo.png"],"assets/imagenes/logo1.png":["assets/imagenes/logo1.png"],"assets/imagenes/logoletra.png":["assets/imagenes/logoletra.png"],"assets/imagenes/protein.png":["assets/imagenes/protein.png"],"packages/cupertino_icons/assets/CupertinoIcons.ttf":["packages/cupertino_icons/assets/CupertinoIcons.ttf"],"packages/fluttertoast/assets/toastify.css":["packages/fluttertoast/assets/toastify.css"],"packages/fluttertoast/assets/toastify.js":["packages/fluttertoast/assets/toastify.js"],"packages/rflutter_alert/assets/images/close.png":["packages/rflutter_alert/assets/images/close.png","packages/rflutter_alert/assets/images/2.0x/close.png","packages/rflutter_alert/assets/images/3.0x/close.png"],"packages/rflutter_alert/assets/images/icon_error.png":["packages/rflutter_alert/assets/images/icon_error.png","packages/rflutter_alert/assets/images/2.0x/icon_error.png","packages/rflutter_alert/assets/images/3.0x/icon_error.png"],"packages/rflutter_alert/assets/images/icon_info.png":["packages/rflutter_alert/assets/images/icon_info.png","packages/rflutter_alert/assets/images/2.0x/icon_info.png","packages/rflutter_alert/assets/images/3.0x/icon_info.png"],"packages/rflutter_alert/assets/images/icon_success.png":["packages/rflutter_alert/assets/images/icon_success.png","packages/rflutter_alert/assets/images/2.0x/icon_success.png","packages/rflutter_alert/assets/images/3.0x/icon_success.png"],"packages/rflutter_alert/assets/images/icon_warning.png":["packages/rflutter_alert/assets/images/icon_warning.png","packages/rflutter_alert/assets/images/2.0x/icon_warning.png","packages/rflutter_alert/assets/images/3.0x/icon_warning.png"]}