[{"family":"MaterialIcons","fonts":[{"asset":"fonts/MaterialIcons-Regular.otf"}]},{"family":"genostff","fonts":[{"asset":"assets/fonts/Genos-Black.ttf"},{"asset":"assets/fonts/Genos-BlackItalic.ttf"},{"asset":"assets/fonts/Genos-Bold.ttf"},{"asset":"assets/fonts/Genos-BoldItalic.ttf"},{"asset":"assets/fonts/Genos-ExtraBold.ttf"},{"asset":"assets/fonts/Genos-ExtraBoldItalic.ttf"},{"asset":"assets/fonts/Genos-ExtraLight.ttf"},{"asset":"assets/fonts/Genos-ExtraLightItalic.ttf"},{"asset":"assets/fonts/Genos-Italic.ttf"},{"asset":"assets/fonts/Genos-Light.ttf"}]},{"family":"packages/cupertino_icons/CupertinoIcons","fonts":[{"asset":"packages/cupertino_icons/assets/CupertinoIcons.ttf"}]}]